{
  "availability_organization": [
    {
      "id": 1,
      "availbility": [
        {
          "day": "Monday",
          "start_hour": 9,
          "start_minutes": 30,
          "end_hour": 20,
          "end_minutes": 30
        },
        {
          "day": "Tuesday",
          "start_hour": 9,
          "start_minutes": 30,
          "end_hour": 20,
          "end_minutes": 30
        },
        {
          "day": "Wednesday",
          "start_hour": 9,
          "start_minutes": 30,
          "end_hour": 20,
          "end_minutes": 30
        },
        {
          "day": "Thursday",
          "start_hour": 9,
          "start_minutes": 30,
          "end_hour": 20,
          "end_minutes": 30
        }
      ],
      "temporary_availability": true,
      "start_date": "2024-06-27T00:00:00.000Z",
      "end_date": "2024-09-15T00:00:00.000Z",
      "active": true
    },
    {
      "id": 2,
      "availbility": [
        {
          "day": "Monday",
          "start_hour": 18,
          "start_minutes": 30,
          "end_hour": 20,
          "end_minutes": 30
        },
        {
          "day": "Tuesday",
          "start_hour": 18,
          "start_minutes": 30,
          "end_hour": 20,
          "end_minutes": 30
        },
        {
          "day": "Wednesday",
          "start_hour": 18,
          "start_minutes": 30,
          "end_hour": 20,
          "end_minutes": 30
        },
        {
          "day": "Thursday",
          "start_hour": 18,
          "start_minutes": 30,
          "end_hour": 20,
          "end_minutes": 30
        }
      ],
      "temporary_availability": false,
      "active": true
    }
  ]
}
