{
  "services": [
    {
      "section": 1,
      "service_type": "Private lessons",
      "service_location_property": "In your home",
      "frequency": {
        "type": "absolute",
        "frequency_min": "Weekly",
        "frequency_max": "Monthly"
      },

      "duration": {
        "duration_min": 30,
        "duration_max": 60
      },
      "student_count": 1,
      "session_count": 13,
      "price": {
        "price_min": 50,
        "price_max": 100,
        "price_per_15_minutes": 25
      },
      "location": {
        "traveling_specification": "Teacher travels",
        "radius_of_travel_in_miles": 10,
        "type": "Point",
        "original_location_coordinates": ["40.2376", "-75.2748"],
        "original_location_address": {
          "Street 1": "984 Lasndale Ave.",
          "City": "Lansdale",
          "State": "Pennsylvania",
          "Zipcode": 19446
        }
      },
      "availability_organization": 2,
      "session_properties": {
        "type": "Client option",
        "calculate_travel_time": true
      },
      "instructor": 1,
      "events_summary": "Performance opportunities are announced one to two months prior to the performance dates.  You will receive an email when they are available for signup.",
      "active": true,
      "cta_button_name": "Register"
    },
    {
      "section": 1,
      "service_type": "Private lessons",
      "service_location_property": "At my home",
      "frequency": {
        "type": "absolute",
        "frequency_min": "Weekly",
        "frequency_max": "Monthly"
      },

      "availability_organization": 2,
      "duration": {
        "duration_min": 30,
        "duration_max": 60
      },
      "student_count": 1,
      "session_count": 13,
      "price": {
        "price_min": 50,
        "price_max": 100,
        "price_per_15_minutes": 25
      },
      "location": {
        "type": "Point",
        "traveling_specification": "Client travels",
        "service_location_coordinates": ["40.2376", "-75.2748"],
        "service_location_address": {
          "Street 1": "984 Lasndale Ave.",
          "City": "Lansdale",
          "State": "Pennsylvania",
          "Zipcode": 19446
        }
      },
      "service_session": {
        "type": "Client option",
        "schedule_assignment": 1
      },
      "instructor": 1,
      "events_summary": "Performance opportunities are announced one to two months prior to the performance dates.  You will receive an email when they are available for signup.",
      "active": true,
      "cta_button_name": "Register"
    },
    {
      "section": 1,
      "service_type": "Private lessons",
      "frequency": {
        "type": "absolute",
        "frequency_min": "Weekly",
        "frequency_max": "Monthly"
      },

      "service_location_property": "Virtual",
      "location": {
        "type": "Virtual"
      },

      "duration": {
        "duration_min": 30,
        "duration_max": 60
      },
      "student_count": 1,
      "session_count": 13,
      "price": {
        "price_min": 50,
        "price_max": 100,
        "price_per_15_minutes": 25
      },
      "availability_organization": 2,
      "service_session": {
        "type": "Client option",
        "schedule_assignment": 1
      },
      "instructor": 1,
      "events_summary": "Performance opportunities are announced one to two months prior to the performance dates.  You will receive an email when they are available for signup.",
      "active": true,
      "cta_button_name": "Register"
    },
    {
      "section": 2,
      "service_type": "Piano tuning",
      "service_location_property": "Your location",
      "duration": {
        "duration_min": 60,
        "duration_max": 120
      },
      "frequency": {
        "type": "months",
        "frequency_min": 6,
        "frequency_max": 12
      },

      "student_count": "1 Piano",
      "session_count": 1,
      "price": {
        "price_min": 120,
        "price_max": 160,
        "price_per_15_minutes": 20
      },
      "availability_organization": 1,
      "location": {
        "traveling_specification": "Technician travels",
        "radius_of_travel_in_miles": 30,
        "type": "Point",
        "original_location_coordinates": ["40.2376", "-75.2748"],
        "original_location_address": {
          "Street 1": "984 Lasndale Ave.",
          "City": "Lansdale",
          "State": "Pennsylvania",
          "Zipcode": 19446
        }
      },
      "service_session": {
        "type": "Client option",
        "schedule_assignment": 1,
        "calculate_travel_time": true
      },
      "instructor": 1,
      "events_summary": "Performance opportunities are announced one to two months prior to the performance dates.  You will receive an email when they are available for signup.",
      "active": true,
      "cta_button_name": "Book tuning"
    },
    {
      "section": 3,
      "service_type": "Group music class",
      "service_location_property": "Virtual",
      "frequency": { "type": "static", "property": "Weekly" },

      "location": {
        "type": "Virtual"
      },
      "service_session": {
        "type": "Client option"
      },
      "duration": 45,
      "student_count": "Ages 8-12",
      "session_count": 13,
      "instructor": 1,
      "group_sessions": true,
      "events_summary": "Performance opportunities are announced one to two months prior to the performance dates.  You will receive an email when they are available for signup.",
      "required_audition": false,
      "active": true,
      "cta_button_name": "Register"
    }
  ]
}
